{"imageElementInfoList":[{"rectInfo":{"serializedVersion":"2","x":0.0,"y":0.0,"width":0.20000000298023225,"height":0.20000000298023225},"linkedTexture":{"instanceID":87820}},{"rectInfo":{"serializedVersion":"2","x":0.44699999690055849,"y":0.0,"width":0.20000000298023225,"height":0.20000000298023225},"linkedTexture":{"instanceID":37078}},{"rectInfo":{"serializedVersion":"2","x":0.2199999988079071,"y":0.47200000286102297,"width":0.6830000281333923,"height":0.4880000054836273},"linkedTexture":{"instanceID":18462}}]}